channel_id,channel_name,channel_subs,channel_views
1,CaseyNeistat,20064166,223092950
2,LastWeekTonight,61780274,845630490
3,Rudy Mancuso,54585104,923288067
4,Good Mythical Morning,30442888,241485195
5,nigahiga,62910875,780590058
6,iJustine,34049971,958594922
7,Saturday Night Live,62078695,616244803
8,CrazyRussianHacker,21120915,123339429
9,20th Century Fox,57272483,820488824
10,Vox,64825843,277413920
11,NFL,53328628,44589801
12,amc,59831566,784963640
13,marshmello,85366456,992223063
14,NowThis World,59086332,360917628
15,The king of DIY,70064248,764789698
16,BostonDynamics,88420462,200665854
17,Cracked,69902434,147851427
18,TED-Ed,51611115,454641387
19,PeterSripol,34682997,843453441
20,SciShow,89565179,333558661
21,Life Noggin,28735771,913081971
22,Tested,82290304,82944527
23,Tom Scott,78459831,102405981
24,Refinery29,76816214,883913104
25,Gus Johnson,52023933,300993775
26,HellthyJunkFood,63096569,61316191
27,Numberphile,48003827,951302089
28,JerryRigEverything,95187120,739530551
29,Cleveland Cavaliers on cleveland.com,94511092,78583283
30,FaeryInLoveInc,8596583,560554432
31,hp_overload,48968200,880427124
32,Amazon.co.uk,53328306,687830404
33,EminemVEVO,7200474,37522715
34,officer401,29101572,85199821
35,Emirates,78719582,641049527
36,Nobrand,64013977,684588023
37,Screen Junkies,56788077,147287657
38,Hunter Hayes,38659013,82458442
39,Niki and Gabi,90474739,320085076
40,Nickelback,55393769,642740840
41,U2VEVO,72125965,218593362
42,BBC News,45170353,603873567
43,Ben Rohrbach,17918644,16101431
44,MatthewSantoro,46962710,48522968
45,Shawn Johnson East,98825934,207366327
46,dope2111,85836814,432093492
47,People are Awesome,15057644,485749258
48,NBA Highlights · YouTube,76198593,864774282
49,D3sports.com,87574129,835578436
50,FBE,35767437,196271063
51,Simply Nailogical,9081396,381969921
52,CBS Sunday Morning,32482412,335660305
53,WWE,66897736,896495895
54,JenniferLopezVEVO,57215120,485602162
55,Grace Helbig,12515745,848158319
56,The Graham Norton Show,28291570,272869342
57,Kevin Durant,13582820,493400898
58,JimBrowski 96HourNews,735065,697379601
59,ViralHog,66011061,864401554
60,Jeremy Jahns,43642157,576475421
61,Jonathan Morrison,49698078,998056456
62,TIME,50648145,371277130
63,YouTube Spotlight,76260421,147077239
64,GEazyMusicVEVO,11434597,117789986
65,U.S. Navy,76531602,857376670
66,IGN,53788068,694672139
67,Safiya Nygaard,88519958,450918922
68,Lele Pons,41953020,609697238
69,INSIDER,57607728,519638724
70,John Lewis,71690454,976713152
71,Ed Sheeran,93006231,166831990
72,Sara Dietschy,17460290,840497967
73,MeganBatoon,52131323,731961731
74,John Campea,78518224,527283160
75,fosterthepeopleVEVO,72601741,289021273
76,Watch What Happens Live with Andy Cohen,68718812,855816854
77,Mayo Clinic,98195552,685536497
78,Jason Derulo,34682758,233912743
79,The Late Late Show with James Corden,16052299,600080958
80,cocheusadoooo,1240917,822000078
81,Amber Scholl,81896870,640527335
82,John Maclean,62019148,161833574
83,Bon Appétit,31909733,524107530
84,ABC News,40889918,471761112
85,mayratouchofglam,64690221,643072663
86,BuzzFeed Celeb,1797896,252677190
87,Zero Media,56202714,643696466
88,CMAVEVO,13973448,169975567
89,Alan Walker,15993800,236809017
90,SUPERFRUIT,4851042,993248601
91,Saint Louis Chess Club,11715568,870366778
92,ABC Television Network,14529956,494147439
93,Animal Adventure Park,84326501,237146079
94,HowToBasic,55249159,568258820
95,CinemaSins,5899022,926051965
96,kimbramusic,11172347,861639537
97,Capital FM,27640506,418341275
98,Hope For Paws - Official Rescue Channel,68730735,145957836
99,IISuperwomanII,23530855,804269354
100,Hopeless Records,55914769,335586044
101,Rachel and Jun,81932521,424131674
102,BBC Music,63842828,727388594
103,Late Night with Seth Meyers,50458837,127838356
104,H&M,71441593,154945245
105,CamilaCabelloVEVO,77426553,334687558
106,Liza Koshy,93273241,872070404
107,TheEllenShow,93551465,60172969
108,clothesencounters,10162788,975553918
109,FoxSearchlight,22803303,242146974
110,LukeBryanVEVO,46786690,139849069
111,NiallHoranVEVO,40844234,48416878
112,empireofthesunvevo,18981869,640843733
113,NFVEVO,36855845,61070573
114,Marques Brownlee,73588192,313122386
115,Atlantic Records,98542599,82181509
116,MsAaliyahJay,40183497,283998365
117,Danny Sapko,37881453,299166815
118,Vogue,42117917,102271699
119,Michelle Khare,17553294,580430157
120,Full Frontal with Samantha Bee,64418843,907932006
121,Nicole Guerriero,78273365,638374537
122,The Late Show with Stephen Colbert,19893048,818839459
123,Jimmy Kimmel Live,48987522,41582445
124,SuperCarlinBrothers,8174429,46900429
125,SiaVEVO,31064559,456243458
126,Business Insider,42163357,337063709
127,2CELLOS,22943178,694103172
128,theneedledrop,65849567,213531376
129,Simon's Cat,35220150,506576299
130,Andy Grammer,92079014,803115551
131,RemyMaVEVO,35148835,755130916
132,Nintendo,53928927,911655769
133,Dina Tokio,89883054,2136564
134,Team Coco,55116316,135237100
135,PitbullVEVO,15026705,272860848
136,Late Show with David Letterman,63019537,111450827
137,Alicia Keys,25064342,576994941
138,ElbowVEVO,91238503,224305135
139,MDNA SKIN,69051078,211976624
140,poofables,55960163,315536219
141,SigridVEVO,73791566,495056188
142,MOMOMOYOUTHVEVO,75392129,904426428
143,TheScriptVEVO,72035683,656743108
144,Brothers Green Eats,16448774,940544812
145,Netflix,80959905,666634675
146,Abroad in Japan,67833896,562859864
147,Tucker Gott,53525453,563559635
148,Nahre Sol,70060231,52394763
149,ThirtySecondsToMarsVEVO,29608213,402600449
150,HarryStylesVEVO,2774596,804182494
151,Wong Fu Productions,52891680,132339623
152,Keith Urban,95228582,115504810
153,Maroon5VEVO,33114673,768941387
154,X Factor Italia,9895131,547095880
155,Tyler Williams,97994894,130878523
156,Stewart Brand,45608731,763897099
157,Chris and Jack,35255512,66007047
158,The School of Life,96362685,943726711
159,E! Entertainment,67676510,118995325
160,Whitney Port,4633377,518636864
161,90s Commercials,25903517,761585589
162,Breakfast Club Power 105.1 FM,15263586,742537508
163,Enter Shikari,73628116,176348450
164,Caterham Cars,32395557,257906734
165,PostmodernJukebox,47778945,176129534
166,PinkVEVO,98812912,625114926
167,Tamar Chronicles,30858923,265880950
168,Kitten Lady,23505131,611905096
169,Guinness World Records,64357722,247271541
170,Blockbuster,45003789,7977990
171,TrainVEVO,96753992,497781773
172,Christen Dominique,5630944,109268498
173,James Charles,53182915,453474993
174,FreeDawkins,6097248,643117822
175,The Infographics Show,90949558,365211161
176,Jenny Hanell,42498262,659021064
177,PetaPixel,92201985,958983914
178,RM Videos,27036563,434313314
179,BrianJustinCrum,27078391,312944495
180,CupcakeJemma,46356131,449839185
181,Anaki Abo,15729350,335939685
182,Katy Perry,95161894,478297059
183,I'm With Her,66452389,993245041
184,Zoella,41502621,567714483
185,Storyful News,93107100,226275340
186,Tu Fan,22467342,812142753
187,MyHarto,54372429,57122286
188,Chicago Sun-Times,2632069,295488909
189,PhilPhillipsVEVO,96438636,88178528
190,Tati,91330332,582811715
191,Ozuna,60869132,767129219
192,Madelaine Petsch,79064675,916295052
193,Steve Kovach,24616216,836887199
194,ESPN,90431464,808395638
195,LetsGoWarriors,22192355,823216442
196,KSNV News 3 Las Vegas,37398055,741818773
197,Sailor J,30699139,561013632
198,WIRED,67787492,712230986
199,HiHo Kids,37023307,644387411
200,ElectroBOOM,74471013,340942691
201,Brent Pella,25252583,63204079
202,Cards Against Humanity,5285882,183327695
203,The Slow Mo Guys,28938433,47440670
204,TechSmartt,18295129,457823546
205,JunsKitchen,45586296,974810275
206,Attaullah Malik,20786743,876079061
207,The Tonight Show Starring Jimmy Fallon,73370580,457566978
208,Anwar Jibawi,53985167,375201
209,Washington Post,20295426,894543972
210,Dolan Twins,44774476,138362942
211,Jackie Aina,96716969,346759501
212,TV Promos,59029776,236414545
213,Taylor Swift,11811550,803707866
214,ProZD,88839464,757500303
215,REACT,11750137,851744803
216,First We Feast,54075100,597091718
217,Brian Hull,87392542,237483119
218,William Osman,31486072,822242143
219,Access Hollywood,50976214,451229219
220,emma chamberlain,28174592,146592698
221,Now You See It,34922609,659069684
222,Dancing With The Stars,19839584,107538906
223,Summit,99471900,404347049
224,reputationswift,31853003,584970419
225,DunkFest,22544065,127720921
226,Cut,74638104,272000345
227,The Scran Line,40747014,744928722
228,MattMasonPhotography,27240429,645398205
229,Vanity Fair,92286514,365791976
230,Red Bull,86449690,665617413
231,BBCRadio1VEVO,41327157,146129449
232,Mark Ferris,83079377,339095199
233,todrickhall,62250957,333102357
234,Donut Media,25798416,607195318
235,Eater,8629127,29921973
236,HANSON,72765851,963245640
237,Frank May,21243182,615568852
238,NBA on ESPN,50089605,657009360
239,SIRAH,16509380,454008404
240,ScreenPrism,190216,672448899
241,Valk Aviation,28296823,500644431
242,Shantell Martin,83577232,128625318
243,Gregg Peterson,176345,968727549
244,Estée Lalonde,30362986,129847971
245,Canada Soccer,58557008,996091804
246,WLKY News Louisville,80860212,23815105
247,The Office US,31841890,609473580
248,Entertainment Weekly,35834065,611279521
249,12 News,2342360,561860759
250,Bkav Corp,25812350,749465629
251,Daelric,5319850,211717271
252,"monday.com, formerly dapulse",84036880,857822432
253,GQ,43370812,134336594
254,TMZSports,52301537,36258228
255,Caters Clips,968373,757340688
256,You Suck At Cooking,1024408,440118878
257,Tanner Braungardt,17861249,6007833
258,iHasCupquake,18736934,92372687
259,FallOutBoyVEVO,6417450,26530457
260,alt-J,76041388,529383245
261,Demi Lovato,31302635,362666594
262,Matthias,12918332,24437751
263,Movie Munchies,48413849,40512272
264,Fueled By Ramen,91702626,171036795
265,Mental Floss,55134278,715745006
266,Pixielocks,75979111,297574998
267,SHOWTIME Sports,12371198,591523829
268,Cody'sLab Backup,36686656,700065710
269,Paramount Pictures,31065800,798556518
270,Atlanta Hawks,16098302,966904247
271,NBA,22926167,942190678
272,ColliderVideos,45156410,140825144
273,Jenny Nicholson,17959447,76688899
274,Big Cat Rescue,51849909,629286040
275,RachelPlattenVEVO,57082366,391370906
276,standupmaths,92235895,581849043
277,Wendy Williams,36952969,105826294
278,VICE,15342937,610848795
279,BBC Earth,75878007,664282779
280,BBC Radio 1,89794649,262099731
281,Rappler,8419670,787307695
282,Sarasota Police Department,21410756,812558668
283,Vostok.bike,86161915,369285280
284,GoDucksdotcom,37350230,255570991
285,Hybrid Network,6915250,168931892
286,Mark Linsangan,16620506,832281711
287,LOFTON SHAW,64142165,895883162
288,BellatorMMA,43172341,178147127
289,New Scientist,60795703,871221155
290,Warner Bros. Pictures,58811785,194642426
291,LuisFonsiVEVO,3684772,515050846
292,Kurzgesagt – In a Nutshell,98070345,790085627
293,ibighit,10975577,910462494
294,jacksfilms,38862297,789166665
295,The Talk,37078614,42821678
296,Austin Evans,67560793,804273404
297,The Verge,76538277,443077847
298,MariahCareyVEVO,66670138,922841796
299,CollegeHumor,37139001,931568222
300,Chris Stuckmann,35566110,200060061
301,MassLive,99496368,821300755
302,Klossy,19216529,859256154
303,Björk,81508140,98395793
304,DJSnakeVEVO,27601863,777616991
305,Butch Hartman,10522790,219268200
306,It's Okay To Be Smart,48879805,30196836
307,Major Lazer,41204345,257012745
308,Dua Lipa,92649923,851482340
309,Philadelphia 76ers,40901123,429958043
310,Jessii Vee,34032544,269975835
311,The Orchard Movies,20921424,793478110
312,Shmee150,26915453,97508332
313,TODAY,24078095,95019942
314,Eric Strebel,94444185,960673539
315,Auralnauts,88156547,3449815
316,60 Minutes,98342709,610695229
317,ChrisStapletonVEVO,75216599,698745578
318,vlogbrothers,48560240,643175729
319,SMTOWN,78810806,396123642
320,Green Day,52381295,802939564
321,HaileeSteinfeldVEVO,47507833,73279573
322,AsapSCIENCE,16796092,291644832
323,K Yuen,22250763,958200572
324,Half as Interesting,18278720,481913973
325,RealLifeLore,63164118,614686165
326,Ultra Music,11807297,641771605
327,Shade 45,18338326,590388160
328,The Real Daytime,14116407,779859281
329,Matthias Wandel,53481687,279079302
330,Lauren Elizabeth,27716637,567585837
331,TimandFaithVEVO,71637542,20288020
332,Funny Or Die,40591636,70170439
333,Mayim Bialik,43369449,420054841
334,Lauv,88380788,790785743
335,Ranz Kyle,41656098,944981359
336,NBC News,43823484,983987549
337,Matt Steffanina,73854894,208865194
338,MisterWivesVEVO,71688874,36422786
339,YBF Chic,4594634,907057771
340,littleBits Electronics,74463251,909283409
341,Audience Network,2173231,132252579
342,Hot Dad,81730522,1109910
343,Disney•Pixar,72883156,244086188
344,SelenaGomezVEVO,92789198,506761329
345,Rosanna Pansino,40373820,683017069
346,Thomas Sanders,94939759,403754315
347,CrashRacing,49653376,885373850
348,Tasty,27035282,986112243
349,Nile Wilson,19580999,637826049
350,AnthonyPadilla,12119641,617056143
351,Rclbeauty101,35321196,294838175
352,Maddie Ziegler,16261050,376123786
353,Good Morning Britain,62532120,943202809
354,ToveLoVEVO,33037054,62548345
355,ImagineDragonsVEVO,31451155,984815750
356,ChloexHalleVEVO,63184377,994050047
357,NARLtv,8802191,371996896
358,Video Library,22045430,673850683
359,Single Shot,56726813,207596422
360,FlyFastandLow,55352214,495323307
361,Tegan and Sara,45311670,388170256
362,daronjay,36980581,874790476
363,Taras Malyar,2540221,165497850
364,astroboy1960,97496373,143780592
365,Quad9 DNS,47040414,93923419
366,GinWigmoreVEVO,66279747,764939404
367,1theK (원더케이),78743676,574360193
368,Topi The Corgi,45096588,691019933
369,Disney Movie Trailers,47165629,13572260
370,Dwarf Mamba,40948529,353362952
371,Kitchen Nightmares,31878117,936110230
372,Just Wow me,46074167,219270513
373,ladygagaarraza,70653176,203091710
374,HBO,62938538,33624983
375,mvt.ias,98592937,252328709
376,AIA awards,31615939,295944954
377,Taylor Nicole Dean,55732387,147286266
378,USA TODAY,8593961,138780797
379,NOLA.com,11064025,360188915
380,BuzzFeed Nifty,8406617,177788919
381,Sam Chui,8248762,67628110
382,Tech Insider,6944473,538683875
383,MiguelVEVO,43335466,44068243
384,Tamika Hall,7519495,157380836
385,Matoma,28138824,692235092
386,JessieJVEVO,89138991,241913262
387,ParsonJamesVEVO,64306303,455024175
388,Maggie Lindemann,40568989,778038248
389,Kevin Rabatin,50794583,111905813
390,FRANKIEmusicVEVO,7376909,261197225
391,Radovan Lazic,34591861,369113983
392,Duston Ward,11790846,532498596
393,Entertainment Tonight,47583958,156856459
394,Smosh,82717279,274877021
395,Bruno Mars,33234840,676962025
396,The Weather Channel,6137844,69381991
397,The View,72636623,969044022
398,ExplosmEntertainment,60996008,389966799
399,The Grand Tour,10816390,211518230
400,slaymeclarkson c:,37881101,782574733
401,Veritasium,36276906,693251253
402,Josh Groban,77345384,776522910
403,Billboard,79439457,122159059
404,How to DAD,75041012,181365728
405,hudsonunionsociety,10689190,464023014
406,WildTurkeyBourbon,75177921,520215451
407,Simon and Martina,401604,597679982
408,AlishaMarie,90448811,528431002
409,Fleur DeForce,68529368,560655431
410,David Sistaro,48006698,670230166
411,Passenger,51757050,216614303
412,Mashed,65911109,356197843
413,emmymadeinjapan,94534054,527912700
414,JoergSprave,98295138,896420490
415,Leroy Sanchez,82749081,590894911
416,Rob Andretti,62443141,421675530
417,Lindsey Stirling,74631473,363424121
418,Tom Stanton,5759858,518401851
419,Polyphonic,22255220,15637880
420,Freeform,7640061,115285110
421,BTS Videos,60162557,862054884
422,Binging with Babish,82853293,288322780
423,CBS This Morning,31567644,419074371
424,Peter McKinnon,88733808,960869293
425,The Voice,12714401,916881022
426,Hannah Stocking,83228474,359036825
427,Wendover Productions,4049463,471315101
428,Inanna Sarkis,18409610,590470863
429,ShawnMendesVEVO,4854690,349996843
430,NASA Jet Propulsion Laboratory,35057944,580858563
431,Tyler Oakley,83769711,235693245
432,Buttered Side Down,74987100,595448394
433,Doug Jones for Senate,7187572,793180682
434,YTN NEWS,5879078,24133326
435,ConnorFranta,95710085,285623716
436,Alex Gilbert,70756507,427140473
437,Colleen Vlogs,52905954,602895124
438,CNN,15886367,614995073
439,Bob Przybylo,51143717,850665726
440,Marie McGann,64583317,580761305
441,Useless Duck Company,54117536,814285821
442,Adult Swim,10361801,153733226
443,Philip DeFranco,76946283,374472364
444,The King of Random,89705202,900727796
445,Carla Resendiz,41601598,601531952
446,UrAvgConsumer,95838711,887086823
447,Sufficiently Advanced,55998729,670056577
448,DemiLovatoVEVO,29596028,782070649
449,LadyGagaVEVO,68128817,333001142
450,Brat,16818451,696309820
451,Kandee Johnson,16619753,79918011
452,Nerdwriter1,58742059,265896852
453,CAguileraVEVO,31726194,894015804
454,Looper,2796590,609336110
455,Miranda Sings,64781617,139710843
456,Eva Lunde Bentley,30242312,400165777
457,PTXofficial,83772845,264720548
458,The Deal Guy,78693779,921873129
459,Yes Theory,69764602,322250361
460,DreamCastle_629,49220148,855243406
461,The Tommy Edison Experience,50471387,587378141
462,MyLifeAsEva,54406597,664483899
463,lara6683,32873279,83664373
464,Zendaya,47096724,59801651
465,adidas Football,39401201,161140895
466,ScreenJunkies News,29053177,182495227
467,Portugal. The Man,32063117,57362811
468,chris lee,77526212,707758212
469,Kelly Clarkson,8399363,836945393
470,How To Cake It,55360181,248376998
471,The Hollywood Reporter,38911981,194985456
472,NickJonasVEVO,15349479,164011747
473,CBS Miami,28546820,409459796
474,Voicebot,92344381,696687853
475,The Sports King,22299229,917354750
476,John Sellars,72576188,485700146
477,E! News,70402202,443715825
478,The Current Source,83847524,746592898
479,HACKADAY,20177616,352932384
480,Taylor Alexander,3046643,286391461
481,Apple,5463286,121835538
482,TheBackyardScientist,61596433,992035240
483,PB Comps,3921522,917081624
484,Chris Lee,30885412,274486076
485,Royal Academy of Arts,2061261,608645621
486,Spectrum Haleskarth,51716921,503853166
487,Milkmen Design,15138421,893784372
488,Masters Of The Sun,8713260,164360618
489,bigclivedotcom,2980004,684141426
490,RAP DAILY,47065560,778226846
491,OK Go,88328416,750542597
492,Verizon,75959434,228890771
493,ELLEUKTV,6945615,475027856
494,DisneyMusicVEVO,24529918,953474350
495,Kanimuna Kisaka,97310518,235698034
496,BehindTheSounds,71211607,873847717
497,It's a small world,896830,82093773
498,ELLE,8196349,927414732
499,Casually Explained,35374737,795331182
500,ThreadBanger,71501866,174742167
501,grav3yardgirl,10623709,155581836
502,BuzzFeedVideo,66881093,934027752
503,Lane Anderson,70139705,102527214
504,AmazingPhil,20104167,937198998
505,Simone Giertz,37721997,527992993
506,Laura in the Kitchen,47193961,204695990
507,Hevesh5,11358991,588362722
508,Anew Start,22536125,284819205
509,Ingrid Nilsen,40635063,110583540
510,Unique Vibes,71412533,887042331
511,EverythingApplePro,80833768,363683491
512,Pitch Perfect,20314833,952519708
513,HARRY,17368400,167908227
514,Turbo Conquering Mega Eagle,66828007,77793564
515,flirppy242,29463490,708537520
516,JonTronShow,26972615,959569046
517,Dorkly,93725188,402915874
518,Guardian News,62439832,447531923
519,Markiplier,33931822,660874987
520,FOX Sports,41306693,707040857
521,Marvel Entertainment,85387852,113418873
522,Miss Universe,51328123,314653541
523,NZPoliceRecruitment,71193794,655611042
524,Bethany Mota,41945151,848240120
525,Tina Nguyen,17799475,464717792
526,AmandaMoor & Craft Ideas,99292490,602171875
527,Sesame Street,52859196,550042352
528,Cloth Map,56434030,194702560
529,Gatorade,6465759,570406576
530,Srinath .S,93603880,547079551
531,The White House,42720122,318291574
532,Ellie and Jared,76696299,968432179
533,Doug DeMuro,404744,412506678
534,Unbox Therapy,8632213,610954563
535,Just Between Us,70059358,357858606
536,Cam'ron,63073087,575062713
537,The X Factor UK,82102928,174644983
538,CFL Insider,48457009,242724182
539,Technomanila,78703836,617855336
540,West Midlands Police,6576892,710479343
541,David Steuer,68429938,814484659
542,CS Dojo,67540063,460147669
543,AFP news agency,69237224,317729959
544,I Like To Make Stuff,13774366,903846952
545,Plasma Channel,37568554,357611165
546,CalumScottVEVO,53702287,843309177
547,Liam Gallagher,30324284,582206349
548,Marco Reps,74568345,526269108
549,Bravo,1163635,268474542
550,Linkin Park,57256291,141014028
551,toofacedcosmetics,20747766,749223237
552,Epicurious,86218321,169918128
553,Sevdaliza,23372747,780403240
554,shane,93326758,223954443
555,Munchies,44067284,790886877
556,Variety,21344927,19567439
557,Good Morning America,47333857,548691902
558,KaneBrownVEVO,43832907,146088034
559,Molly Burke,16552648,703766706
560,Grandpa Kitchen,35959233,272535290
561,ElleOfTheMills,1068722,300416152
562,Mike Boyd,19402903,949789
563,DamonAndJo,27125183,753958770
564,Wassabi Productions,72104715,227641537
565,Clevver News,96657920,910467661
566,Darren Criss,18868129,301984414
567,ANDREW HUANG,96946611,919296995
568,Steve TV Show,14870495,775714469
569,Great Big Story,22413990,110555709
570,legofreedom1,76285957,953581079
571,Loudwire,9094348,738651854
572,SiriusXM,79088089,819942729
573,Apple Support,20391799,804419673
574,HQVideoDude,73497314,324837680
575,Teen Vogue,26704958,32520290
576,Lame Videos,90771641,178217428
577,Lucy Moon,38741808,895207243
578,Applied Science,72597594,645187276
579,Why Don't We,88897799,370768955
580,geicocaveman2012,99607248,232821644
581,Maker's Box,22065075,262531796
582,shurap,43892326,650819831
583,SupremeSounds,99855997,591451298
584,Context Information Security,77360339,51220125
585,Lamborghini,23324142,4991810
586,Beats by Dre,97908081,850424275
587,Snapchat,81795495,248626087
588,Mark Rober,91288289,555360635
589,Sony Pictures Entertainment,22703749,145572938
590,SamSmithWorldVEVO,85549469,849533506
591,Kylie Cosmetics,88364328,965144337
592,The Telegraph,44701518,445956623
593,Trailers Promos Teasers,15304600,28147247
594,HollywoodLife,37278064,374561140
595,BUILD Series,84109501,861338251
596,Andre Black Nerd,78790899,127772634
597,NitroV2,12233502,865998784
598,Omeleto,14462080,990205763
599,Mashable Daily,98346335,636252293
600,Feelunique,73136619,880840231
601,The New Yorker,68942294,981975148
602,TiffyQuake,76292318,8893345
603,David Jardine,50388545,423745202
604,The Royal Family Channel,38664963,755901603
605,Rainsford,97372804,887532322
606,Billboard News,469955,529741489
607,The Cuddle Squad,2109702,175112416
608,Define American,60297939,909174705
609,Chriselle Lim,92829059,459915438
610,MrNorrisVideos,27962035,987262178
611,ТСН,89452296,859278608
612,SiggasNation™,21347904,607189580
613,The New York Times,91016669,544008928
614,Anna Akana,52867322,428383007
615,Alesso,49377655,510761514
616,The Dodo,34625107,905430438
617,colinfurze,71904375,701570646
618,Corinne Leigh,12070397,49005859
619,Beyond The Trailer,69425802,881964857
620,Glam&Gore,54504932,325966001
621,CYNVEVO,89360942,486408932
622,The Official Pokémon YouTube Channel,42704024,983639569
623,WTHR,97642293,740173291
624,Millie T,63343950,502743687
625,Google,32174551,261860153
626,"One List , One Life",51824246,71568817
627,Focus Features,77959800,373311477
628,Galantis,53237160,842541055
629,POPSUGAR,38006973,557110626
630,DraftExpress,43493953,673690484
631,NASA,22018606,798761467
632,truTV,47655960,904878664
633,Mnet K-POP,26205805,107299289
634,Inside Edition,31769785,678403850
635,TheJuicyJVEVO,28018627,721713216
636,5FDPVEVO,62441630,240045407
637,Shoshana Bean,27979795,769261844
638,Open Road Films,33288527,729633688
639,Martin Garrix,97397246,914539185
640,How To Cook That,17086597,330504302
641,Itzztonytony,29140818,51076507
642,JOLLY,77712606,930966113
643,LissieVEVO,14808688,469826340
644,PrettyMuchVEVO,19574856,942157528
645,FIFATV,42661404,999789207
646,TBS,94895980,797208138
647,cgriesemer,60825139,959685525
648,Genius,69472999,672287582
649,Flash Rahbbit,21002280,674997537
650,Charles Chan,10490655,112462600
651,Science vs Cinema,11699201,668951721
652,Wengie,23978195,354783551
653,Mr. Kate,98242034,292227526
654,ワーナー ブラザース 公式チャンネル,83964998,74263621
655,communitychannel,20181964,305595809
656,Star Wars,49213132,409243303
657,Arden Rose,29099897,864622295
658,Mike Diva,61321305,479689134
659,JamesAVEVO,8441268,456163897
660,Tessa Violet,36621910,120782251
661,kmichelle,51869583,73969527
662,Complex,82440532,895112107
663,MOBO Awards,45934349,123603676
664,Maggie Smith Kühn,63842736,218880322
665,Pies Are Awesome,14487661,652612704
666,Facelesstech,93144975,910547169
667,Ross Kempsell,26027592,966654651
668,5-Minute Crafts,31469374,16310434
669,BuzzFeedBlue,17347118,892782252
670,The Food Ranger,94305936,357609713
671,"European Space Agency, ESA",27242153,12179206
672,Be Amazed,24239127,706140079
673,Máquina Voadora,10980267,421998488
674,Tom Daley,8257978,977849548
675,This Morning,53111710,897287393
676,Xscape - Topic,25551076,418940791
677,SB Nation,90105244,176077633
678,First Aid Kit,97080842,24918442
679,The University of Chicago,44415009,857202439
680,Vote The Process,21095906,341416567
681,RackaRacka,4820970,894394710
682,QUARTZ,91631924,359544186
683,razzark666,60337412,617220493
684,Skelly Robot,86277806,601606619
685,LIL UZI VERT,27368729,601532007
686,Universal Pictures,42028862,718444508
687,5MadMovieMakers,6584616,85942903
688,Victoria's Secret,31235419,273906539
689,TMZ,39013143,495238080
690,GraceVanderWaalVEVO,93193950,622839136
691,Pac-12 Networks,52961027,787968431
692,Big Ten Network,91430358,454737593
693,PBS NewsHour,31826271,727327129
694,Shay Mitchell,63190184,388800641
695,Car Commercials of the Past,68896710,13186207
696,Boldly,94535401,293091872
697,Gigi Gorgeous,29768082,486536256
698,AlmazanKitchen,48677929,751109043
699,PrincessPiaMiaVEVO,28791550,471949471
700,Dude Perfect,26060893,758520571
701,LecraeVEVO,96845751,277540566
702,MLG Highlights,25429293,520712633
703,Tanya Burr,81918988,155796701
704,Karina Garcia,43619259,706822431
705,jypentertainment,9704015,822806428
706,KISS FM UK,34827335,860699632
707,Bloomberg Politics,29279931,997807009
708,CrashCourse,39478157,699126259
709,Kayley Melissa,98051895,333311619
710,Magnolia Pictures & Magnet Releasing,62430575,504121929
711,National Geographic,91258940,358647613
712,Associated Press,80407593,134371453
713,Jack and Dean,26582840,588093104
714,Doctor Mike,62001606,593118760
715,Kita Osaka,47439862,290669026
716,neilyoungchannel,218492,70551892
717,The Film Theorists,48062482,207944827
718,Pokémon GO,61431275,619507271
719,CBS Los Angeles,34109128,264229771
720,FILMWEBTV,5716895,966392036
721,Syracuse Orange,74140441,493696210
722,Lifetime,71428726,773064852
723,Outback Steakhouse,93454532,370667513
724,E! Live from the Red Carpet,994664,458875120
725,LadBaby Official,20013622,561864022
726,郭韋辰,23972294,865301775
727,Clark Zhu,20604903,97931975
728,Fox News,51555587,48963482
729,MickMake,87071410,298247432
730,ABC7,82894240,325113270
731,Campo Santo Productions,1989877,66441185
732,Vlogs By DK4L,27053740,453235756
733,MoorInfo,32392859,758630710
734,Asthmatic Kitty Records,50040168,42956917
735,Muselk,89691160,815005211
736,Simply Not Logical,39967615,369725782
737,GohmertTX01,15300039,278853810
738,MSNBC,1187128,214658687
739,Pittsburgh Dad,56992979,856688704
740,Jessica Kellgren-Fozard,21001070,428627637
741,Honda,29066368,646282401
742,The CW Television Network,32353109,768424439
743,jessiepaege,28773404,838434586
744,PsychoSoprano,89184760,621102610
745,Beme News,41259919,743986841
746,Alissa Ashley,89198565,394530856
747,melodysheep,44354151,528437368
748,Marteen Estevez,1437056,580168346
749,NWSSanDiego,32888556,930835362
750,"But First, Coffee",93863073,534800886
751,taalk com,13980886,486183865
752,National Safety Council,4537526,569132455
753,FrownsUpsideDown,26615036,318642843
754,HOTSPOTATL,60737669,535731984
755,edlover4real,76803582,818196109
756,Max Joseph,98623650,764244532
757,MigosVEVO,23643394,41721706
758,thegameawards,18194936,227469820
759,MoreZoella,5543695,496338482
760,LouisTomlinsonVEVO,94175539,78190386
761,PLAYERUNKNOWN'S BATTLEGROUNDS,974239,391375750
762,LIVEKellyandRyan,79621246,566528852
763,Marzia,72413202,871390607
764,DanAndPhilGAMES,20699565,546004592
765,Whitney Avalon,54529393,283862936
766,Manny Mua,73629866,291114943
767,leonalewis,22155617,498122226
768,JK Brickworks,7970220,531242696
769,Merrell Twins Live,43245199,523033159
770,greyson97,1545151,301681775
771,The Sydney Morning Herald,69234183,189315914
772,LiamPayneVEVO,33673282,837117551
773,officialcharlixcx,22117211,169223813
774,SR Trailers and Interviews,39409466,459476548
775,Tom Thum,72053169,226331743
776,VidCon,4967737,103470938
777,Duan Mackenzie,71907056,670201303
778,rollingstoneonline,36522850,102273653
779,CIRCUITBEARD,70069629,57310198
780,Awkward Puppets,64732226,889904210
781,Desi Perkins,16753180,79764326
782,BBC,8244090,51494398
783,The Unipiper,21577790,28256998
784,Henry Prince Mak,20615718,995052819
785,Mr Ben Brown,23537835,171999489
786,Michael Bublé,46424,723202277
787,Taylor R,60754839,426598272
788,Bad Lip Reading,25537264,561639664
789,Poppy,5809269,642469665
790,jennxpenn,49340766,27842464
791,euronews (in English),95284693,261690006
792,thevirts,4654097,810890632
793,CBC News,51829874,150324716
794,dekuNukem,91929144,832120273
795,Karim Jovian,52650580,75409271
796,BeyondSlowMotion,95116131,884925427
797,New York Magazine,43457083,103448028
798,FliteTest,517583,586331579
799,devinsupertramp,90448875,509168717
800,Logan Paul Vlogs,47725402,199400746
801,TheAngryGrandpaShow,24898885,613554689
802,CNBC,11484658,67788075
803,CBS News,81313485,234883532
804,BeOurGuest,80354090,195758338
805,GoPro,12800840,970638174
806,Youtube Tea,38845987,894133431
807,Inthefrow,94133535,804156140
808,Moby,99280152,375583511
809,BrettYoungVEVO,13200846,323586646
810,Samantha Maria,2017377,66597269
811,Disneyland Experience,42357141,238211045
812,Chad Kroeger,47581565,395971045
813,Confuse News,59402460,254271017
814,Ford Europe,80822871,368053507
815,Condé Nast Traveler,41067404,135783407
816,Trevor Moran,73492805,962146344
817,Rob Bliss,51975355,293509690
818,jenniferhudsonVEVO,25663466,306112493
819,PeopleTV,25939902,26636982
820,Jacob Collier,67691876,384674101
821,VICE News,96057519,619469874
822,MaccabeatsVideos,53784042,830619559
823,Bachelor Nation on ABC,78238670,375505442
824,PHP,21419293,860204915
825,ilikeweylie,8294194,2252191
826,Anthem Lights,1319676,531873769
827,Al Jazeera English,7300224,163944851
828,Sherylcrow,67178249,775345999
829,RocketJump Film School,60066367,309641035
830,blvck King,23033218,85755495
831,Trevor Wallace,12827,995220432
832,Vat19Nvjds,90320284,211899864
833,SnekTek,60736112,411746665
834,Domain of Science,53404945,681848944
835,Birdbox Studio,71407842,838030227
836,Just Marcus,54529724,706304430
837,James Veitch,18321751,492219706
838,Roy Moore for Senate,93123065,34404869
839,Dj Earworm,82620451,148453568
840,Bethel Music,27029503,522930378
841,Jaclyn Hill,81706902,265463259
842,ChrisBrownVEVO,87517726,931147022
843,T-Mobile,26661871,965427428
844,ThePianoGuys,38770633,506887143
845,Carly and Erin,20940105,91402615
846,GwenStefaniVEVO,77867269,999181075
847,Blue Origin,59197720,920157980
848,Shameless Maya,60565201,34847995
849,LukeCombsVEVO,18707334,639542222
850,austinmcconnell,16354062,925915702
851,LaMadelynn,59674653,173125905
852,The Atlantic,51283761,989129710
853,StoryCorps,77874680,579450841
854,EllieGouldingVEVO,91008087,752829376
855,Davey Swatpaz,45953851,963031917
856,Rob Scallon,9608227,486630051
857,Penguin Books UK,30520630,110760471
858,Dr. Sandra Lee (aka Dr. Pimple Popper),82120668,285679216
859,American Bridge 21st Century,62759543,567310063
860,GreatScott!,66643353,385162093
861,KhalidVEVO,29792716,485435591
862,TaylorSwiftVEVO,42736720,294432548
863,KeithUrbanVEVO,50648535,808698056
864,Orion Pictures,77739093,227265799
865,ChangeofplanZ,27387387,845517958
866,MTV International,13695483,588744818
867,WE tv,44875787,7269517
868,LD Entertainment,25929196,199252052
869,doddlevloggle,79536353,215504963
870,Ryan Williams,52161990,270670099
871,IGN News,47802645,280824909
872,Kingsley,21849795,643940122
873,Rainer Hilland,11629406,244144339
874,SPORTSNET,77565706,319746012
875,Hannah Witton,5012451,855812430
876,Newsy,83913803,105119161
877,Nat Geo WILD,72207067,939877449
878,SpaceX,25962456,571138416
879,HOT 97,78626161,453111804
880,Tom Harlock,42856808,495820047
881,dodieVEVO,4625423,377639781
882,David Guetta,4871300,67820688
883,cicigoodies2011,7050930,779359534
884,Kyle Gunderson,59220543,406379938
885,Michael Rigsby,15071012,575712175
886,Katzun,51761245,103831700
887,MK Dons,40034231,315069289
888,greeenpro,93950236,385943449
889,FightHype.com,69242397,513468346
890,Empire,49824756,612098755
891,Rock & Roll Hall of Fame,55653591,235715063
892,MovieAccessTrailers,4896916,279530202
893,Bloomberg,1158542,969999531
894,CyclingTips,17384605,390598703
895,misleadingsilhouette,38226612,546426916
896,itsAlexClark,89823096,448574099
897,TheReportOfTheWeek,81601061,790654283
898,Zach Simmons,14496732,478223164
899,IAmAnneMarie,31113605,337221550
900,MasterClass,44528652,214874823
901,Lawrence Livermore National Laboratory,28474378,56504864
902,tovestyrkeVEVO,6658672,756603487
903,Cole and Marmalade,99149404,697112737
904,Hak5,67598204,596162098
905,Missguided,56033771,128654443
906,Xbox,46397425,343233805
907,Freddie Lister,8061756,957022833
908,Collins Key,30497821,439026293
909,Third Leg Studios,74557270,854933427
910,Blurred Culture,967168,951829814
911,grandayy,4184039,751318073
912,NikkieTutorials,78601021,344792774
913,NFL World,69165651,771297838
914,Sport Hub,13733004,80358495
915,FOX,55165213,957497138
916,CHRIS-RS,5037485,560056131
917,Adam Neely,13171131,685144444
918,Clevver Style,41526254,471468000
919,PointlessBlogVlogs,85801728,902232396
920,TechRax,84567652,428375457
921,Chris Hadfield's Rare Earth,19389442,958716296
922,Goodwillsandusky,42002409,48260830
923,Amelia Liana,84651145,409017781
924,Chili Klaus,2915509,918416160
925,The Oregonian,56861904,839178437
926,ThomasRhettVEVO,21802761,393002460
927,wdwmagic,36265920,48458612
928,CGP Grey,19599382,438868573
929,Inside the Magic,11563205,345336768
930,Top Korean News,92788740,793531422
931,Sports Lovers n1,75509455,302619626
932,nickjonas,4659927,27910588
933,Davie504,8373986,846757929
934,Chevrolet,3827334,114832337
935,Hillsong Worship,38100422,633082906
936,Los Angeles Times,29202394,795986607
937,CrazyLaughAction,43147074,549252322
938,TheBeatlesVEVO,69784399,98415795
939,52 Skillz,78970359,491301176
940,Daily Caller,31284431,988445847
941,The Nocturnal Alchemist,75538517,866776115
942,Paul Sellers,69029324,746735687
943,RetroManCave,16663108,654908293
944,JackJohnsonVEVO,89585505,22713206
945,boogie2988,57610844,762039591
946,The Bella Twins,8052657,378177744
947,Jessica Vu,43716516,189093192
948,Step Up: High Water,52156267,243598553
949,Michael Dapaah,24988706,744004368
950,BBC America,82491982,865189438
951,LifeAccordingToJimmy,80789639,881330289
952,foofightersVEVO,70429972,193159301
953,Alec Steele,26651968,230705527
954,Will Darbyshire,79574547,48058207
955,The Lore Master,40333158,577900185
956,Reach Records,84900379,783969882
957,MITCHELL WIGGS,19379019,891122280
958,SZAVEVO,86683052,393524373
959,Crafty Panda,19821868,676451770
960,Peter Caine Dog Training,78241294,327216581
961,Ben Pluimer,44407642,13287621
962,KatyPerryVEVO,18507596,477250691
963,Brave Wilderness,86849390,370151408
964,Panic! At The Disco,92698710,746383127
965,littlemixVEVO,25032116,238210331
966,Amazon Studios,35114636,391608131
967,ByronTalbott,19804237,226021074
968,Cody'sLab,97982681,381553018
969,New England Patriots,10763599,808903423
970,Channel 4,73511892,951032522
971,Momentum Pictures,65645510,438376243
972,Waterjet Channel,96873863,767352842
973,Invisible People,84167516,715494749
974,Macklemore LLC,96117009,593896593
975,Cardi B,38000278,24396120
976,ONE Media,40977883,408466348
977,JennaMarbles,80909796,461208538
978,SugarlandVEVO,90849762,364781288
979,Whistle Sports,32471041,923250219
980,JarJar Abrams,24751215,598384817
981,Lisa Eldridge,81998899,349156959
982,Foot Locker,62752330,277891417
983,BBC Three,32855001,441193056
984,INQUIRER.net,12722575,395723916
985,Lyft,80533513,600570570
986,Spotify,37393303,466506911
987,Star Wars Coffee,99290138,335288616
988,TheUnlockr,6873925,187763423
989,Brad Mondo,58455606,393799780
990,Business Insider UK,95795383,110526187
991,negermano,58767182,559491509
992,Frankie Vision,9327394,88064565
993,KendrickLamarVEVO,43198424,739626290
994,Gerry Litwin,44578520,817500884
995,Doug Ellison,91693336,219116310
996,How To Make Everything,74797129,783867277
997,Seonkyoung Longest,20739824,350306788
998,Freedom of the Press Foundation,3553542,147325576
999,The Rock,1867991,910016163
1000,CNET,58400348,715996449
1001,CBS New York,98555632,274853799
1002,Torm place,61972737,532809403
1003,MLB,28038105,260942749
1004,VOsprey22,97146089,398652979
1005,Smyang Piano,95776843,950989858
1006,Function,11600967,795862804
1007,MARIO TESTINO,35745770,640166383
1008,Tyler Stalman,23303022,679961178
1009,Kerry Wong,28581960,297486557
1010,MODSUN,1589605,163972045
1011,Joey Graceffa,66512459,245342201
1012,Food Wishes,21394525,165966044
1013,Kyle Jennermann,89518130,503486947
1014,FC Barcelona,3453938,868815619
1015,J.J. McCullough,40200688,381842130
1016,Theme Park Review,36327136,381473371
1017,Real Madrid C.F.,92077246,247232766
1018,Official Charts,4792465,463393759
1019,IFC Films,32143142,595388922
1020,MYSTERY SCIENCE THEATER 3000,83458878,316272731
1021,Republican News Watch,95968034,223902426
1022,Hulu,47969105,416287125
1023,Famous Celebrities Snaps,24795970,846153759
1024,DragTimes,60096910,209962451
1025,Keke Palmer,76854102,790693096
1026,NBC,46435890,396574152
1027,Ryan Northover,89594737,12724580
1028,Derek Hough,80171878,628990123
1029,XenonJohn,28367914,839272844
1030,vnbreyes,50388635,570066381
1031,Doctor Who,44605573,576175165
1032,NBC Sports,73590117,961767175
1033,The Royal Family,21175174,269602899
1034,Mark Sales,60027562,148694222
1035,KBAK - KBFX - Eyewitness News - BakersfieldNow,52054939,130873611
1036,Russell Howard,24314018,935789655
1037,Movieclips Coming Soon,74375212,687785561
1038,VICELAND,74800889,813943115
1039,Troom Troom,14367404,711579107
1040,Jordan Wilson,74458531,528293151
1041,Linus Tech Tips,42238365,421509634
1042,FX Networks,43547931,193467916
1043,Channel Awesome,76061418,460872851
1044,IFC,95109972,485965610
1045,Sriram Murali,7928216,263370640
1046,Dawid Szmandra,59420072,491967602
1047,nothorwitzer,82229594,241041293
1048,Lil Peep,41222740,703765670
1049,TromaMovies,1059110,557272302
1050,Chris Reinacher,86556169,912885434
1051,Revolt TV,42851299,806713094
1052,SmarterEveryDay,34397272,985841956
1053,Monster Energy,12542320,847380373
1054,Movieclips Film Festivals & Indie Films,34746504,704025975
1055,Maymo,47283049,657371924
1056,Camila Cabello,57169180,136891005
1057,Chloe x Halle,38573281,7064601
1058,KBSKpop,96159571,614218776
1059,Ben Actis,49197877,298771772
1060,Rebel Wilson,86395965,363591979
1061,Huxley Berg Studios,38932131,815044996
1062,gzumwalt,14485337,892513752
1063,Gcincorp Ecommerce and Real Estate,34014255,348458167
1064,mugumogu,48836592,517667917
1065,Onur Altuğ Sever,60681399,686964939
1066,voordeel,19868585,994786382
1067,Huw Parkinson,95651250,295095990
1068,Lil Wayne,55135611,499954245
1069,Tpindell,87309733,115692149
1070,The Pet Collective,27503967,254740107
1071,Patricia Bright,2435459,967765892
1072,KathleenLights,35387669,64152649
1073,Edward Avila,73720673,198811911
1074,Max Skipper,51794255,954565702
1075,PONY Syndrome,8554484,2357848
1076,Pero Like,96845605,875887681
1077,Austin Burk,37174572,15031982
1078,Josh Levine,56854281,390283377
1079,automotivemaster1972,17232414,154575609
1080,UJ,53724222,938740006
1081,Kevin Noonan,83965470,841093399
1082,Conor Maynard,60370736,478936537
1083,Specialized Bicycles,3844840,482702391
1084,matt,65262332,155591126
1085,Mr Sunday Movies,37620328,694731805
1086,Fifty Shades,82289363,460423459
1087,Piece Of Me Tour Planet Hollywood,83497225,732905843
1088,Bruce Land,52034014,173079822
1089,FailArmy,63736440,5387582
1090,DrMachakil,92227654,128312308
1091,justintimberlakeVEVO,35935855,420844288
1092,PlayOverwatch,47961628,741793792
1093,BØRNSmusicVEVO,21884977,6095715
1094,Yoga With Adriene,97196161,563577458
1095,mariahxlambily,80802590,671835321
1096,TheTimTracker,57766436,830188355
1097,Guy Tang,86962497,104180533
1098,CatCreature,53012645,826784389
1099,Big Marvel,2521827,248664654
1100,AviciiOfficialVEVO,18536442,987683838
1101,What's Inside?,85835491,279803625
1102,Beyonce,67656271,589893756
1103,Erin Noelle,59314981,894313924
1104,Braxen McConnell,18074477,327367832
1105,Like Stories of Old,61107959,908296244
1106,Cristi Cristian,41373091,456702584
1107,Mom Will Be Proud,83643045,213702051
1108,BachelorsPadTv,53799435,376471286
1109,영국남자 Korean Englishman,87351901,346428429
1110,Hazel Hayes,51511837,174328935
1111,Nathan C,55269822,372132397
1112,Jenn Im,90327755,178689175
1113,Radio Physics and Electronics,77239853,945509787
1114,Real World Records,32233707,190159888
1115,Noah Nicholls,62051934,40750853
1116,Technology Connections,44910804,631520007
1117,KBS World TV,12362519,845659912
1118,Freemeo,54313671,185762782
1119,Banana Culture Music,98354214,285028305
1120,Charlie Puth,84840625,178676165
1121,Pitchfork,56843398,125455394
1122,RawBeautyKristi,30569075,218525036
1123,Will Smith,20768793,921531610
1124,MGM,60880583,120356793
1125,Peaceful Cuisine,32163850,632428373
1126,Sprinkleofglitter,48117650,718632092
1127,Sam Sheffer,2567587,268206531
1128,Special Books by Special Kids,74286864,511642674
1129,Today I Found Out,83670089,525331804
1130,Oceana,82120661,699805816
1131,TheHoonigans,45755638,759548552
1132,Street Speed 717,29188622,770763978
1133,TurboTax,65734123,585553443
1134,Jalopnik,1103718,395905473
1135,Sailing La Vagabonde,46634086,902604863
1136,Strictly Dumpling,16292638,819198245
1137,Halfway Anywhere,79299708,36784274
1138,Emma Massingale,17065579,240755241
1139,The CGBros,76025138,956884910
1140,Star Wars HQ,28708992,969014091
1141,Red Robot - Intelligent Distribution,10271341,623366943
1142,Bee Ly TV,43032808,95121430
1143,CNLohr,51685612,296475479
1144,JayZVEVO,24902341,916921778
1145,BreakingBenjaminVEVO,22976354,935592889
1146,CrowsEyeProductions,96058521,993553493
1147,TobyMacVEVO,29355504,34686801
1148,Vic Dibitetto,7237459,135148110
1149,CBS Films,15667427,892823388
1150,Desus & Mero,10845487,431600655
1151,Popular Woodworking,51343,829198358
1152,JAY,99528216,512915362
1153,Mike H,27816090,24932017
1154,J Gasser,40137224,254311903
1155,Livia Giustiniani,30569574,754000042
1156,Speks,6903237,547493010
1157,RZSS Highland Wildlife Park,79043709,77247905
1158,Carlos Campos,9165538,442548995
1159,StanDrawsSpaceships,43125676,543716748
1160,Navenanthen Gepardieu,19578688,898158908
1161,Disney Parks,60289534,141041234
1162,Daily Davidsons,54071244,972198422
1163,Haru the Shiba Inu,43719936,368506354
1164,Battle Universe!,72784387,599615540
1165,JuJu Smith-Schuster,71421830,33755500
1166,Sugar Pine 7,23578820,686442339
1167,Lucas,13628815,802335124
1168,SuperwomanVlogs,59253371,213015990
1169,KKandbabyJ,50029879,290831022
1170,Billions,43391685,329756606
1171,DanTDM,75213360,960235665
1172,Daz Games,90275774,607747958
1173,Alex Aiono,40137927,499098385
1174,Mustache Wax,81714455,128562467
1175,CBS Philly,9642892,732423830
1176,New Orleans Saints on NOLA.com,33295951,645181811
1177,Adam Whitley,16022372,799122394
1178,Voltfolio,2678456,145144520
1179,TheGracieC,70585020,267067121
1180,Chappell Roan,65121016,859551967
1181,The Players' Tribune,11599706,824102635
1182,Benn and Gear,57848289,99782501
1183,Pop & Sports HQ,57131428,40417792
1184,Ryan Canty,64142391,544913955
1185,sWooZie,88404989,265326516
1186,CaptainDisillusion,68121254,525481602
1187,startelegramvideo,89032304,752637497
1188,FOX Soccer,35359211,489955085
1189,TED,93835211,685953245
1190,Genuine Survival Research Labs,78703215,905018184
1191,Tim Barrett,36544114,857950557
1192,OjO Commuter Scooter by OjO Electric,45907819,834919059
1193,yovo68,10429781,470932048
1194,MILCK,91303601,755111657
1195,Bundesliga,89539387,60203530
1196,CHauserable,19760522,437064494
1197,EVNautilus,75338186,476438208
1198,The Valleyfolk,28473322,881538087
1199,The Ohana Adventure,89466465,412290922
1200,Mecum Auctions,70194884,303214545
1201,In Case You Missed It,66699535,781797177
1202,That Japanese Man Yuta,9878746,305685212
1203,New York Daily News,62317512,305291674
1204,Talks at Google,73452540,609247936
1205,CityNews Toronto,5928754,368224569
1206,yeokm1,34526311,223248278
1207,Dani Ochoa,80370127,360873525
1208,TroyeSivanVEVO,34746633,119964702
1209,GamingWithJen,25376549,292831695
1210,Diplo,93205321,319815858
1211,Netflix Asia,46045124,122815099
1212,4given4ever1,71438267,919064417
1213,JackWhiteVEVO,57963977,202289965
1214,Natalies Outlet,93437999,56120628
1215,videogamedunkey,63310530,953594782
1216,Movieclips Trailers,70430590,679378418
1217,Walking With Giants,40793099,615168097
1218,KATC,60348502,606690667
1219,Bleecker Street,25647683,351839838
1220,Elvis Duran Show,29115819,248060634
1221,Chris Rosa,11123956,219770204
1222,Comicbook.com,38910671,271674373
1223,Jon B.,39914940,821437616
1224,Vance Joy,10192543,509800039
1225,Lofty Pursuits,16778646,136719814
1226,Queen Naija,96337360,964516812
1227,Troye Sivan,5866126,901586698
1228,DoodleChaos,80027109,868905571
1229,Vsauce2,29097294,84692240
1230,TheKillersVEVO,86292172,213217945
1231,Architectural Digest,56539799,124226160
1232,Alabama Crimson Tide on AL.com,98520333,817812388
1233,lisbug,71138066,679425559
1234,WhatsUpMoms,69668150,546073270
1235,Despierta América,62068465,300343127
1236,Peloton,23842658,380731766
1237,RagnBoneManVEVO,32127656,333499185
1238,MrMobile [Michael Fisher],58576608,539070439
1239,Southwest Florida Eagle Cam,33128084,178540870
1240,Jon Olsson,36970269,764848033
1241,Mamrie Hart,24685056,375017294
1242,Chubbyemu,61331379,143461811
1243,ThisDustIn,19595453,299354885
1244,RedCurtainEnt,99461568,171524520
1245,Helen Anderson,72378171,729831775
1246,BMW USA,83027829,967110904
1247,Dave Lee,98633667,733838292
1248,NJ.com,88451757,145292264
1249,OneBitMusicVEVO,63735888,376932479
1250,Hollyscoop,82690396,241107453
1251,Humble Design,84740633,367017138
1252,Mercedes-Benz,41085133,245513706
1253,IsraeliPM,49548925,493116395
1254,ekaggrat singh kalsi,32123658,198800338
1255,SHOWTIME,89212819,625977386
1256,GrDrtube,52788748,195901764
1257,shoaib246,66139180,455163141
1258,PK Inventor,50749961,674387169
1259,Hin Nya,68218346,295758741
1260,KickThePj,87736164,829558385
1261,Total Combat,66230784,103918667
1262,The Inertia,53501886,598702780
1263,The Daily Show with Trevor Noah,73307882,298109475
1264,United Launch Alliance,61968705,778600973
1265,carrieunderwoodVEVO,11215516,218475201
1266,Donald J. Trump Topic,67365317,77975630
1267,BrasherN,25697297,817532871
1268,Tia Mowry's Quick Fix,87695480,857794686
1269,tonyvera1902,9109950,407369638
1270,AnselElgortVEVO,80883422,947399004
1271,Berd,12183569,219938485
1272,Matt and Kim,85440601,744743544
1273,CNNMoney,15303900,89836130
1274,I.T. Channel,47057733,911394034
1275,Hayley Kiyoko,88559547,448916816
1276,IncubusVEVO,4807143,403761975
1277,Fontgod,95253834,686797018
1278,Rella On the radio,34840483,875500733
1279,The Ringer,95573881,44232114
1280,FiftyShadesVEVO,26016025,722217696
1281,CBS Evening News,65774323,724687349
1282,Amber Liu,92546562,467064869
1283,TheVampsVEVO,72089293,435057406
1284,My Self Reliance,30506652,778135961
1285,blackbearVEVO,74599726,613602606
1286,Guldies,61886541,296651123
1287,University of Rochester EEOC Complainants,60290450,408302938
1288,NOVA's Secret Life of Scientists and Engineers,35209627,570845884
1289,F Milburn,19054558,292378568
1290,WQAD News 8,20915767,729174434
1291,lugnutsoldcrap,81181668,415383679
1292,Mike Olbinski,45066529,914383912
1293,Let Me Explain Studios,89630636,876772773
1294,C-SPAN,71280069,454690378
1295,Kelly Eden,70677614,373751246
1296,Patrick Nan,46919209,861463452
1297,Cultaholic,34272004,654520630
1298,KTVU,59323579,169425810
1299,Rachelleea,50118612,318375593
1300,RESSENCE WATCHES,95274295,182951898
1301,Obama Foundation,44576417,792321018
1302,Highlight Heaven,62610117,21265653
1303,MrBeast,12980608,961003225
1304,Graham The Christian,19277356,995106374
1305,TRYANGLE FILMS,9857066,601415285
1306,BaconLegs,47196132,159774261
1307,Vet Ranch,56826170,344590171
1308,The Modern Rogue,46930978,839983936
1309,Viral Paws,78535421,868870601
1310,eba era,82574376,105600072
1311,Ryan Calme,44763672,931209551
1312,NoahKahanVEVO,3279131,248456057
1313,HANSE 한세,88167833,3871400
1314,Sieuwe Elferink,18218196,845619452
1315,Frog The Rooster,72729622,687322579
1316,TheCubician,55330844,833305124
1317,See You Yang,6973145,34390390
1318,3D Printing Nerd,96073475,403205075
1319,DKDKTV,69053124,832018151
1320,Na So We See Am,90792704,627598197
1321,FundingCircleUK,91012557,699764469
1322,Mike Austin,72916488,732975838
1323,bill wurtz,97594058,850588088
1324,NBA on TNT,4381022,742240464
1325,Casey Holmes,66109294,668315441
1326,Team Edge,53104188,82063721
1327,BeckVEVO,84809146,260948412
1328,MLive,22226346,137821772
1329,Nicol Concilio,23755627,675119568
1330,BleachersVEVO,33021970,656026493
1331,East Idaho News,27252315,502186912
1332,gamelovercommercials,73143529,662347827
1333,WHAT'S INSIDE? FAMILY,56187110,925941423
1334,Hannah Meloche,15715182,288553204
1335,COVERGIRL,10564502,608242329
1336,Max Hertan,30460074,792154218
1337,MandisaVEVO,13038115,642146855
1338,Joan Kim,75888296,360833748
1339,Viva La Dirt League,81760123,288885144
1340,Roadshow,75010665,200280743
1341,Kortney Steury,7960174,942843587
1342,Business InsiderAu,1227594,622536579
1343,AutoGuide.com,60397163,894035488
1344,Tentmaker Pictures,10326797,883343593
1345,Stefany Gonzalez,61708471,861001968
1346,CoinDaddy,56748120,384099221
1347,Jamie Demeter,8401920,12192568
1348,FaZe Rug,71981699,809375621
1349,ChainsmokersVEVO,5884568,706679173
1350,ASMR Darling,35665440,212458508
1351,Tina Yong,73622150,983738572
1352,Christine Sydelko,27162601,262104182
1353,KIND Snacks,98007001,163148631
1354,NBA Stats All Seasons,97958538,260099984
1355,Slednecks,71525556,546699717
1356,Man About Cake,32119200,416932688
1357,TraceyThornVEVO,26110543,544254546
1358,danisnotinteresting,52877010,122648797
1359,TheSorryGirls,92429916,142913240
1360,Cat Man Chris,58290598,499189332
1361,Redline Reviews,20484304,516066998
1362,Daniel Howell,77306342,26758494
1363,Ford Motor Company,75477969,207458511
1364,Paramount Network,65914093,963417322
1365,FacelesswithEyesOpen,60338018,127857556
1366,iDB,46717266,287792304
1367,CrossKut316,65554543,816189452
1368,Must Love Science,61274564,989987647
1369,Gondwana Collection Namibia,72454778,294337051
1370,Dale Dai,13594166,606509116
1371,TinasheOfficialVEVO,39197400,3743029
1372,theCHIVE,79008119,980740745
1373,FrenchMontanaVEVO,36735904,754104632
1374,Warner Bros. UK,33688000,394123460
1375,Makeupshayla,70000365,966598557
1376,PhakeNam,89122678,583444693
1377,Laura Lee,29373587,331156189
1378,Australian Open TV,29789775,956862903
1379,STX Entertainment,44632708,679222573
1380,NASA Goddard,54678657,767081168
1381,Brian Klug,61376285,402955049
1382,heroedelahistoria,73606532,251102260
1383,Physics Girl,70040961,580662996
1384,Car Throttle,2283858,248418198
1385,SRAM MTB,67340445,438090388
1386,Grist,2176550,802979428
1387,Duncan Sinfield,46001910,276413457
1388,PatrickStarrr,11596790,728126318
1389,The Anna Edit,61707594,31797941
1390,Lily Pebbles,42696564,559566522
1391,Lip Sync Battle,84278212,340831487
1392,WXYZ-TV Detroit | Channel 7,44766674,202827650
1393,Hamilton: An American Musical,78194890,702114
1394,UFC - Ultimate Fighting Championship,80887698,445090064
1395,Avocado,96356917,677973568
1396,OlanRogers,22715246,187795591
1397,Beats 1 Radio,30458140,16097608
1398,Rita Ora,72688471,541985631
1399,LaToya Forever,72404789,311835144
1400,ROME REPORTS in English,16231357,295963040
1401,Penguin Books South Africa,73925811,399359869
1402,TheOdd1sOut,70697940,978452598
1403,Lucas the Spider,29156717,802225599
1404,Andrew Lowe,14645444,728983015
1405,Rooster Teeth,28860103,270472289
1406,Paweł Zadrożniak,72986818,135839826
1407,Aymeric Favard,77615571,63324839
1408,Marcos Horacio,77402978,909802871
1409,Jaiden Animations,61351133,63241547
1410,A Chick Called Albert,87002136,52992082
1411,MrTreknation,86827218,584257892
1412,Chris Smoove,14437933,107762661
1413,TNT,12364539,835033300
1414,Hydraulic Press Channel,20100245,285132318
1415,Sound Bites,57906638,204558404
1416,Primitive Technology,55399509,407443629
1417,Ryan Davidson,98182423,526350817
1418,Corridor,58132610,616261859
1419,HvdH-Plane-Spotter,41419094,998948966
1420,AaronsAnimals,90692345,146845840
1421,How Ridiculous,54625662,534133441
1422,jeremiah johnson,65797643,815375873
1423,Techmoan,8353355,508085281
1424,Townsends,36373047,526601819
1425,Nicki Shields,60746734,531910050
1426,SBS TV동물농장x애니멀봐,32256601,972375363
1427,Candide Thovex,66827693,38155858
1428,Jason Yu,73298804,145475219
1429,Nerdist,21513332,175522486
1430,Funny News,26533666,658260832
1431,Access,16996722,21761589
1432,mmschocolate,98371658,131989335
1433,End of Ze World,45880156,311552951
1434,Ján Ilavský,6156951,502322475
1435,cineytele,30799156,270698724
1436,Laura Kampf,31565692,736722382
1437,colourpopcosmetics,22376902,494291468
1438,Rudimental,5680012,213386055
1439,iotexpert,49929036,528055998
1440,Oscars,72718780,217578143
1441,ABC Action News,28132646,362051300
1442,ZEDDVEVO,99969964,174191462
1443,PlayStation,93620209,67829012
1444,LoeyLane,6490065,65181496
1445,KipMooreVEVO,7860724,959443704
1446,730 WVFN,59584126,646933398
1447,Drew Lynch,43173287,38049589
1448,David Windestal,94646246,224255294
1449,Caspar,96428830,256668245
1450,Symon,6629577,392809348
1451,FloSports,80919671,225773178
1452,Tony Berza,33549391,401903758
1453,onsetfacilities.com,13790702,990252711
1454,BURGER KING,3944084,143583231
1455,Legendary,11975649,38883255
1456,Colleen Ballinger,54574491,994814384
1457,Domics,4162223,967083294
1458,Bobby Duke Arts,45248901,553275101
1459,KygoOfficialVEVO,26033029,890722167
1460,Scotty Sire,94248249,593346039
1461,Comedy Central,79485885,955951428
1462,Dennis Kapatos,77698003,44693484
1463,AdelaineMorin,70130094,924131280
1464,Newsflare,77224041,970541594
1465,SKITTLESbrand,27943659,509114112
1466,JheneAikoVEVO,51901038,81539995
1467,Elton John,38146322,310435090
1468,Forgotten Weapons,11311671,208646370
1469,Calvin Klein,73443229,759783690
1470,Esther Bellido,63594371,123562363
1471,ombremor,78896022,248576263
1472,Funny New Videos,95980787,265609510
1473,Barcroft Animals,77178665,895087577
1474,John Varvatos,94825216,749425785
1475,paul wheaton,49178197,943259869
1476,TSN Tube,66158330,690599484
1477,ThreeDaysGraceVEVO,62612480,476256037
1478,KFC,21320064,396173360
1479,Alpha Entertainment,68836084,405977045
1480,Groupon,50393794,711851835
1481,Pepsi,83851048,685356596
1482,Morgan Adams,21247686,695763181
1483,LexusVehicles,72945179,194217514
1484,EltonJohnVEVO,74305935,311697677
1485,Everyday Astronaut,54905944,264523240
1486,Seth's Bike Hacks,10409143,218391177
1487,Aerie,48863357,351308293
1488,fantano,89813019,143314598
1489,DonDiablo,10799046,217420189
1490,AT&T,30498469,530639821
1491,DJI,1211250,495391783
1492,Missouri Star Quilt Company,70908354,753230088
1493,Geoff Mallinson,51251692,989439251
1494,Saskatchewan Rush,59862981,127563557
1495,Any rubbish,75785334,697912663
1496,Desktop Makes,32417999,925650418
1497,Electron Dust,68685810,724114995
1498,JanPaul123,7343354,50177110
1499,shakiraVEVO,80173606,913467434
1500,jeffreestar,4076923,120141942
1501,JasonAldeanVEVO,61868030,369943645
1502,Daisy Marquez,26926970,344164851
1503,XAmbassadorsVEVO,25593952,224597616
1504,EA SPORTS FIFA,80314992,485456431
1505,JamesBlakeVEVO,19092860,289137482
1506,MN khan,32858405,211832301
1507,BLACKPINK,92895667,394799543
1508,Pomegranate Sunshine,35974493,716642224
1509,David Archuleta,2288065,861821873
1510,R3HAB,28661463,402548507
1511,Interscope Records,95884053,672572097
1512,The Scam On Demand,32008932,134743381
1513,Palo Alto Online,54768012,228107385
1514,494ta,50107197,346030158
1515,Red Bull Records,39022411,66565088
1516,marjolijn2,39974628,991234654
1517,AntsCanada,26530071,699203920
1518,The 2x Family,86648422,164903820
1519,Extra Credits,62863641,605632042
1520,MAZELEE,60898922,956678322
1521,HaimVEVO,63022952,431649590
1522,BANGTANTV,6207754,46306050
1523,Adult Swim UK,62918694,532544264
1524,Popcorn with Peter Travers,15069142,569402593
1525,BRIGHT SIDE,63069476,979491444
1526,iKON,73507588,932313315
1527,XFL,21859376,861089207
1528,Jessica Clements,63397313,622501623
1529,revlon,75682961,998089486
1530,Cleveland Browns,49190473,2416158
1531,AirPano,45741187,692828190
1532,Dean Anderson,79359979,349273490
1533,SaggyJ,6606464,257450122
1534,Guava Juice,58267491,688157817
1535,Solid Gold Aquatics,34111628,429124683
1536,CBS,40336755,242261197
1537,ATPWorldTour,48204554,638850284
1538,X Games,20095081,459376077
1539,Budweiser,98911702,896102331
1540,Howl Of A Dog,58082916,175236378
1541,Recording Academy / GRAMMYs,18858180,9921035
1542,CatPusic,46127241,195410251
1543,Oscar Fury,20590838,593115372
1544,Maddie Lymburner,21574403,846538352
1545,FerrasVEVO,75127117,36096865
1546,VideoGameAds,86576199,535158769
1547,UCAN Zippers USA,58987568,917309976
1548,pjmorton,23010644,364742402
1549,What I've Learned,74178635,912402180
1550,Vevo,78003587,942781046
1551,Super Netvid,79822037,301125105
1552,Shyrynne,18269445,849608729
1553,EntertainmentVevo,30321090,571192677
1554,Michelob ULTRA,157528,725959199
1555,ET Canada,22295737,485580952
1556,Summoning Salt,43976802,699047186
1557,WhatCulture Wrestling,74988036,604309885
1558,Sports Illustrated,78872892,246615272
1559,RihannaNavyVevo,95980763,127206377
1560,Shesez,32739775,370448173
1561,Nick Ramos,77830207,963501160
1562,Movie'n'co UK,4747375,383988852
1563,Dustin Penner,27491708,596883988
1564,Caravan Carolyn,6568276,741793048
1565,amazon,79671786,442660842
1566,Kevin Stein,20330797,44826487
1567,LGR,78654269,96500066
1568,smoothiethecat,34984455,25193840
1569,A24,3542321,440160490
1570,engineerguy,73089344,391707025
1571,The Action Lab,82137042,938343279
1572,Catch-Up TV,62402127,332827556
1573,DaHoopSpot Productions,63490317,331016485
1574,lugeyps3,45730618,219534063
1575,Spinach Dippa,35238425,229727231
1576,J S,48224656,372939808
1577,Dylan Locke,34958525,280375731
1578,bitluni's lab,27887238,663904640
1579,Bini the Bunny,97316188,820639941
1580,Adam Smith,18461375,899788643
1581,Slooh,68360213,625256765
1582,Bebe Rexha,81838318,739078492
1583,Mountain Dew,46915112,356893113
1584,PBS Eons,23285805,877362568
1585,The Bachelor Insider,5894283,638719068
1586,Exploring Alternatives,12726016,394762458
1587,Saved By The Max,25789546,474135787
1588,Midnight Video,44095235,272990667
1589,WOWPresents,61552870,102130559
1590,Shaaanxo,90417028,799928409
1591,3Blue1Brown,7335015,578447794
1592,Madmorda,68868899,594188515
1593,BrantleyGilbertVEVO,83350695,48566462
1594,Kia Motors America,88685786,825620495
1595,ChvrchesVEVO,61626094,660694534
1596,Doritos®,39574563,143366080
1597,Jessica Braun | JAMbeauty89,86101243,319225607
1598,It's a Southern Thing,93930386,147988337
1599,Errant Signal,38462920,24436634
1600,Andrew Rowland,35728085,733152197
1601,DopeBoyTroy,99035086,239555594
1602,HouzzTV,58187835,17844427
1603,Terrormink,2025603,205352912
1604,NinaNesbittMusicVEVO,60227204,798517906
1605,theSkimm,71827874,343264082
1606,Science Magazine,51573530,443015747
1607,The Angie Martinez Show,77799516,915326925
1608,Izac Less,1204021,648662478
1609,Choir! Choir! Choir!,96941904,836799702
1610,Amarullah Rizky,24576340,792681369
1611,HyundaiUSA,66262167,144028720
1612,merrelltwins,27483185,234852145
1613,Kat Cunning,33751764,13751531
1614,Prime Video,13519571,356837727
1615,Campari,30147953,817491919
1616,Healthcare Triage,24569893,53910240
1617,PAC ENTRETENIMENTO / DJ IVAN DAVIS,91380913,141549964
1618,Dish Nation,38566821,802906319
1619,kawaiisweetworld,65077604,394400725
1620,Whyte Foxx Music Videos & More,14200859,262652765
1621,Thomas Sebastian,12169092,401402369
1622,HalseyVEVO,19310570,969166649
1623,Toyota Global,99245487,737847987
1624,Jeopardy!,95875154,988723212
1625,iggyazaleamusicVEVO,3517139,580957718
1626,Bret Baier,83430551,123789361
1627,ScottyMcCreeryVEVO,77347408,543731572
1628,WFLA News Channel 8,47008423,177455194
1629,Philadelphia Eagles,66373812,237689214
1630,India Love,65043387,812004209
1631,Bud Light,22825632,91910691
1632,TechCrunch,98941269,290278309
1633,Kotaku,92140077,766993346
1634,KylieMinogueOnVEVO,15486187,612941364
1635,TRL,58757682,406124116
1636,Wintergatan,10185037,947152071
1637,9-1-1 on FOX,84996802,682512862
1638,Avocados From Mexico,65361505,49748586
1639,StorrorBlog,11617550,912712527
1640,This Is Us,10848046,587057931
1641,Feast Of Fiction,58835018,268536415
1642,The Square to Spare,68222330,21397665
1643,CBS Chicago,74710644,708021890
1644,Adam's Apple,78108520,655591335
1645,ARIKITCHEN (아리키친),52124018,155803389
1646,Nickelodeon,32755120,711031305
1647,Neil Fraser,10574407,169762925
1648,Joshua Levin,35001859,955220736
1649,MiddleKidsVEVO,57007643,728599624
1650,Check It Out,16491384,720777939
1651,Kylie Jenner,55761614,199027424
1652,Tide,9725511,533200252
1653,Ram Trucks,37531179,364861764
1654,Jeep,33640527,625765503
1655,Australia,91332960,598866941
1656,Quicken Loans,40141871,710851382
1657,SB-LII Commercials,27278540,696851244
1658,Kaplamino,37834318,370951713
1659,The Key of Awesome,59189913,372405006
1660,Monster Cable Products,22921361,944433140
1661,Chris Turner,1223639,105739645
1662,Animal Planet,32474822,791627951
1663,"Cyprus Air Heating, Cooling and Fireplaces",53811017,813231294
1664,Kraft Brand,96569079,19892498
1665,TDAmeritrade,38302182,317677517
1666,Persil ProClean,33739978,717219738
1667,Turkish Airlines,83838218,751638292
1668,Toyota USA,1665632,525168348
1669,Wix.com,5812316,39428924
1670,Rise,87758014,201266987
1671,Coca-Cola,18009139,66193026
1672,WeatherTech,64373407,738670571
1673,Sprint,15003234,747462799
1674,Intuit,18608683,957290202
1675,Motherboard,60459365,747281308
1676,Shawn,75934681,254379460
1677,dannotv,12982687,2247971
1678,WhatsApp Wacky,95991561,776373242
1679,Squarespace,65907220,265189202
1680,MassMutual,62511532,385251171
1681,PekingDukVEVO,58747811,595193770
1682,Wendy's,88071366,185896171
1683,Funny Commercials,99027785,158553481
1684,ClovesVEVO,97189843,175606378
1685,Chris Sturgeon,49797949,932208900
1686,Us Weekly,65139470,792822993
1687,NFL Network,88628086,360130780
1688,ALL URBAN CENTRAL,36213606,339363870
1689,Diet Coke,87950380,786646910
1690,NoahCyrusVEVO,4976454,965579443
1691,Vinheteiro,21719945,545826423
1692,World Eyes,4619709,123808366
1693,TopClips247,6269109,5766223
1694,Commercials Funny,48174867,854061183
1695,Horizon Productions SFL,73078175,827639471
1696,Jesse,41255752,886988792
1697,StingVEVO,90463313,341702152
1698,Glamour Magazine,32210165,938101925
1699,stacyvlogs,53414752,252413626
1700,Hudson Moore,74704009,488804619
1701,Barstool Sports,8014521,77184940
1702,Lorraine,70923433,78025679
1703,Max Fagin,68222692,92491885
1704,heyitsfeiii,24856551,421019077
1705,Tim Gray,39260487,18863991
1706,McDonald's,62935646,707139140
1707,Steeper33,76965369,835886994
1708,Represent.Us,43079947,802371691
1709,India Survival Guide,81514994,641863878
1710,The ACE Family,60849831,975825462
1711,Chilly Willy,29759029,261883448
1712,Jack Coyne,47683270,833182597
1713,LOL Network,36020250,582819661
1714,the Hacksmith,48305734,433244600
1715,CalvinHarrisVEVO,74712487,508073321
1716,JamesBayVEVO,51071740,388541719
1717,RealNewsNetworkMedia,4920185,960252034
1718,NIXOLAS,72621941,270515190
1719,ColdFusion,12774421,595298002
1720,Omaze,28354195,919593922
1721,Christopher Davis,54891655,328315902
1722,My Virgin Kitchen,83322006,298087099
1723,Tryst Network,76578259,73574939
1724,Rapid Trailer,52897253,560978017
1725,Nike,26276204,857054541
1726,Pinball Wiz,12662913,240793858
1727,CamVEVO,1497431,356940473
1728,Marshmello,67648659,199881145
1729,kehlani parrish,6177948,70989739
1730,MGMTVEVO,29573986,667115321
1731,Aunty Donna,26720019,702240729
1732,NewsFunnies,3762425,174747300
1733,Anna Saccone,28119390,76818829
1734,Nathan Robinson,72949632,674265031
1735,Hush Kit,3293311,469907996
1736,Allie Glines,31794462,58151048
1737,Olympic,7633311,103209483
1738,Wall Street Journal,78390781,857215167
1739,Absolut,38546819,201661987
1740,LOOK MUM NO COMPUTER,69551644,809996193
1741,Studio C,11408554,304080709
1742,hwow,11817587,72302449
1743,Asian Boss,96046271,408362621
1744,Squirrel Monkey,72061394,287856345
1745,All is Art,15560694,267021847
1746,Alex Meyers,14716884,511320799
1747,BETNetworks,94789563,817376608
1748,Radio Andy,80634438,2609481
1749,Alto's Adventure,50941806,127536437
1750,Land Rover,16302797,544374152
1751,ToniBraxtonVEVO,65963815,465472053
1752,TheMeanKitty,62404377,38093039
1753,L2inc,60886483,881851336
1754,So I Had This Idea...,5348717,557837331
1755,BenTheBondsman,61709583,20920963
1756,DrakeBellVEVO,8743877,297234293
1757,Senator Chris Murphy,99466955,301077693
1758,Nikita Dragun,97118261,7306069
1759,MinuteEarth,54878629,996037213
1760,Royal Blood,44463730,79144675
1761,Strange incident,72732625,77742043
1762,Parks and Recreation,18847851,467117244
1763,Samsung Mobile USA,12550231,245261996
1764,Recode,38126644,393247888
1765,The Thought Emporium,36277718,343813874
1766,BerkleyLovesTori,33497940,856396048
1767,souviendra,54194312,928637847
1768,WGA West,45826263,904719786
1769,Mikey Murphy,83919267,292016250
1770,Highsnobiety,92973558,857843819
1771,Evan Edinger,4474875,127681138
1772,TV One,50353958,904683317
1773,Muse,84822747,909383500
1774,Blonded,12902133,534594751
1775,LustreLux,54916950,402415923
1776,Turn10Studios,14884655,857891819
1777,Trace Cyrus,13409221,277936946
1778,Lionsgate Movies,69632413,509104041
1779,Cody'sBLab,82829198,429190646
1780,Peter Brown,16931819,807331807
1781,BellaThorneVEVO,418154,255628019
1782,Bill Gates,64445087,233836033
1783,Topic,25289007,411323095
1784,OVO Sound,82060449,53842142
1785,JayRockVEVO,75113484,687375608
1786,Zebra Corner,51043142,422526696
1787,Janelle Monáe,8622873,242483790
1788,Disney Descendants,41517155,91985098
1789,Cobra Kai,60923066,646816735
1790,Crusoe the Celebrity Dachshund,35659430,626874960
1791,SeanPaulVEVO,27026144,659498381
1792,mittromney,16370120,263479745
1793,Julien Solomita,79918766,376603815
1794,KFlayVEVO,27930935,485443895
1795,Cosmopolitan.com,87850637,829985549
1796,Paris Hilton,24147067,992872978
1797,Golden State Warriors,44658157,87401360
1798,Алексей Навальный,84894853,799458296
1799,Just Jared Jr,71914038,9398167
1800,Tony Baker Comedy,48272005,906915735
1801,Amanda Palmer,40379224,585223871
1802,Dancing On Ice,52956237,680784158
1803,NASCAR,23192098,16426962
1804,Circus HalliGalli,24679137,657935550
1805,JP & Julia,81229032,458109363
1806,Ricky Dillon,56550754,226504218
1807,The Cincinnati Zoo & Botanical Garden,84654433,906409136
1808,Channon Rose Vlogs,64298436,327198795
1809,Writers Guild of America East,17326949,220978868
1810,Swish Daily,82394830,914382627
1811,Malik Nabee,24067059,777022636
1812,Prince Marcus,68764838,983938670
1813,monatheband,70576071,850715250
1814,Cartoon Hangover,88717119,902419522
1815,mike m,61029556,522079231
1816,News 5 Cleveland,16688293,438795333
1817,Sauber F1 Team,35288914,448550956
1818,Smequle,95290365,521748175
1819,Fancy Vlogs By Gab,42777478,119241946
1820,Barn Sanctuary,62348144,292143726
1821,LaurDIY,71545989,209671183
1822,Billy Graham Evangelistic Association,63404805,469937182
1823,Recanto Ecológico Rio da Prata,33730361,469968911
1824,Strange Parts,40824917,638190874
1825,Jake Roper,98230054,650380830
1826,BAFTA,38739520,753254635
1827,Kylie Moy,73747987,415205985
1828,5SOSVEVO,45120236,548214052
1829,CMT,90957051,103252744
1830,keshaVEVO,41048200,23234308
1831,StudiocanalUK,42920794,886452092
1832,Mercedes-AMG Petronas Motorsport,19221116,533116892
1833,doddleoddle,75951196,381100084
1834,Jimmy Built,76585121,27839625
1835,Michael Callaghan,44884036,982549907
1836,Song Of Style,65105336,765423874
1837,JohnnyQ90,68630552,876079638
1838,Sylvia Gani,40433805,398625139
1839,Renault Sport,48077172,785009388
1840,BenDeen,62847959,71031466
1841,42Fab - Metalworking and Multi-Medium Fabrication,61521524,422178258
1842,Lotto New Zealand,10033611,945409561
1843,Ryan,49016274,129658187
1844,samfryltd,89168783,82773219
1845,Wallows,59368195,302189039
1846,Ryan Is Driving,49744040,842900828
1847,ShibSibs,901754,602871417
1848,BishopBriggsVEVO,58224295,459699888
1849,SnoopDoggVEVO,29821607,3164686
1850,LewisCapaldiVEVO,85641790,38632767
1851,RickyMartinVEVO,81149975,401655325
1852,Allure,52366374,651021359
1853,The Warp Zone,41148532,153679792
1854,The Alex Jones Channel,90463040,400022279
1855,fuzywazacolin,68954781,973027551
1856,notnotryan,25844802,393934969
1857,Никита Ордынский,34105692,410429253
1858,Clicknetwork,78976576,396179471
1859,Violin MD,81303499,371177096
1860,rock on,54966215,364486777
1861,Sparkee Music,3909418,365699401
1862,Because Science,79443766,64100940
1863,Iris,98907730,546086321
1864,Kacey Musgraves - Topic,73210431,930209822
1865,Fox Business,45247075,865777834
1866,PESfilm,97644930,455440212
1867,Twin Shadow,69255699,982203444
1868,BRITs,78034118,137499037
1869,Abhishek Singh,66438137,342975401
1870,1MILLION Dance Studio,65840948,474712639
1871,joyner lucas,3241121,851167659
1872,Samsung,22250479,10533553
1873,RomanAtwoodVlogs,6460456,493362155
1874,jbalvinVEVO,3640418,341744469
1875,Kris Harbour,97813502,475398593
1876,FunForLouis,65587053,29391205
1877,BillyCrammer,69723733,621105776
1878,AvE,99873642,659319013
1879,Liza Koshy Too,81055011,107611328
1880,"Rock me, Joey Santiago.",56109797,935271534
1881,Kid Rock,52315402,362681153
1882,ChrisYoungVEVO,41638524,978874873
1883,Desimpedidos,22482383,194411598
1884,BowlFullofAwesome,20531994,923762840
1885,LiveOverflow,58074386,781862818
1886,Ivan Miranda,66809507,979348618
1887,Gentle Whispering ASMR,50729938,550439906
1888,Practical Engineering,8590034,990268710
1889,Stratolaunch,12269497,732332752
1890,Engineering Explained,92805298,862982440
1891,Real Engineering,85851972,128066497
1892,The Royal Ocean Film Society,33728093,742618018
1893,Walt Disney Animation Studios,71674544,368517593
1894,Ryland Adams,2134680,846467486
1895,Waymo,8895935,174616180
1896,Owen Harvey,65038603,935629618
1897,Gemma Stafford,408691,466828702
1898,Luke Korns,64466273,236378203
1899,Quartz,41116636,711460392
1900,King Princess,39036825,798679957
1901,MeghanTrainorVEVO,57629951,997298899
1902,N W,60658052,768266579
1903,Blake Shelton,55570599,543542533
1904,CrossFit®,25641562,707914134
1905,Gibi ASMR,79947432,119192151
1906,GeorgeEzraVEVO,71808203,490751827
1907,Claire Marshall,71827926,391339543
1908,Daily Dose Of Internet,96193827,237652910
1909,圧倒的不審者の極み!,76513995,306080179
1910,Braille Skateboarding,23120965,264005620
1911,Techquickie,52675561,256325992
1912,Scott Manley,91650951,539746677
1913,Film Independent,81046962,786829108
1914,Don Diablo,82902250,237676110
1915,BonJoviVEVO,56665141,679656715
1916,Zach King,94601460,191469463
1917,Bethany Wilhelm,89003966,475443398
1918,The Joint Forces Channel,50363545,780269453
1919,Ten Second Songs,90159659,541450023
1920,As/Is,86307578,224163210
1921,ODE,33634254,955318516
1922,Kristen Hancher,16883902,497514512
1923,Ladylike,62868053,515158878
1924,cheeseandjamsandwich,57405171,268142050
1925,Mitchell Moon,91440159,257480950
1926,LavenderTowne,18975331,535871564
1927,Living Big In A Tiny House,38277339,241813030
1928,Call of Duty,30873547,168064890
1929,Illumination,69518553,874030054
1930,DJKhaledVEVO,3575400,945447605
1931,Ben Katz,88082189,665683921
1932,TkyoSam,55700813,583081779
1933,This Might Get,75320818,571223107
1934,akidearest,10082590,915410433
1935,GameXplain,60563507,806050855
1936,VH1,68003642,884814948
1937,SadeVEVO,35115926,595918849
1938,Matt Stonie,19232776,242893463
1939,Reaction Time,43853120,371710775
1940,Kylie Minogue,27081841,294326792
1941,Roxette Arisa,97814488,332927535
1942,David Seymour,77373735,438310132
1943,AusAntarctic,27330097,400478438
1944,JohnNewmanVEVO,90166271,438389750
1945,Pick Up Limes,72878299,845091806
1946,UEFA.tv,57390254,199556751
1947,BT Sport,34307342,96099733
1948,Carli Bybel,32390170,495771720
1949,K-MUSIC,48036998,308850764
1950,oregon,5190306,434387857
1951,Kitty Hawk,42682424,337171457
1952,Good Mythical MORE,27543458,154959779
1953,American Idol,42954254,59119474
1954,brutalmoose,99830717,770866324
1955,Annapurna Channel,29230781,273889190
1956,Johnny Jansen,46723857,392433230
1957,MalumaVEVO,98697420,68090438
1958,Harper's BAZAAR,41495031,181309012
1959,MTV,88105832,226144455
1960,Gabbie Hanna,93529699,947704079
1961,Kensuke Koike,91526383,566896114
1962,RachhLoves,1855053,852406694
1963,Warped Perception,52553832,343603964
1964,NCAA March Madness,24330796,13345785
1965,Sonic the Hedgehog,48757534,572107751
1966,SELF,82784445,455608664
1967,League of Legends,65907894,699240348
1968,Lenarr Young,16667055,667271810
1969,Talking Kitty Cat,44125239,573770545
1970,GRB rally,42725710,509789917
1971,Keyboard Cat,10956206,746524627
1972,SabrinaCarpenterVEVO,22269572,282998609
1973,Lucas and Marcus,50909884,212814863
1974,BrainfooTV,89703767,840346429
1975,Cimorelli,58124887,275884017
1976,Lindsay Webster,53874839,65453827
1977,To Scale:,32616244,314439701
1978,Bramty Juliette,31222266,5793689
1979,Deep Look,53124282,792422641
1980,G-Eazy,52677633,863932534
1981,CJENMMUSIC Official,14680697,674349255
1982,Wouldn't Change a Thing,80023079,111379841
1983,Charlie Corts,54429673,91774531
1984,Shawn Mendes,72302201,438230562
1985,Unecht Erfunden,48097427,805119714
1986,thataylaa,98881360,687190120
1987,UMF TV,3715567,235718429
1988,JelloApocalypse,77594024,87646567
1989,Impulse,33070141,705344403
1990,Disney On Broadway,88094883,801423015
1991,SHAYTARDS,63491378,22829589
1992,PBS Space Time,86303921,317756633
1993,eLL cartoons,32738895,487989039
1994,FOOD INSIDER,19813921,189593242
1995,KaceyMusgravesVEVO,25823609,75692123
1996,Kim Kardashian West,22435955,451010691
1997,Sidemen,63637674,12353247
1998,TmarTn2,16637946,580293918
1999,Discovery UK,62464243,834252771
2000,FORMULA 1,93106214,222015270
2001,WUSA9,73714157,813739232
2002,GPhase,2260477,425811786
2003,jacksepticeye,62318580,403996130
2004,littlerobotgirl,51690068,680170803
2005,Riverdale,61319501,787381655
2006,CalebCity,98549395,288113893
2007,blayze999,71816440,86525979
2008,ESPN UK,13075714,210135811
2009,Liverpool FC,63300295,719567879
2010,Denitslava Makeup,87260286,277261514
2011,barnabydixon,11214459,298294120
2012,Andre Will Do It,95450231,742681036
2013,The Weeknd,76974084,818722994
2014,NHL,5780456,443037803
2015,Mary Giannone,14116142,168325524
2016,Mike Shinoda,23556860,401223006
2017,Major League Soccer,13700228,771827781
2018,ToriKellyVEVO,95363774,63911253
2019,SodaStream,15070933,220851061
2020,Bleacher Report,48823442,565901518
2021,WaterTower Music,30106453,913661003
2022,Freddie Twenty,93160565,545100712
2023,StarTalk,5383877,400496204
2024,DuckSoss,75667430,182250620
2025,Scotty Kilmer,63721128,108123178
2026,KYLE HANAGAMI,50229543,617754242
2027,Burritoxman,40808614,209053984
2028,ScatterBrain News,62603068,752494738
2029,Kristin Johns,16103639,746107844
2030,Nyma Tang,31056606,97436321
2031,WINNER,33550250,989286810
2032,johnlegendVEVO,44173437,446826256
2033,Sabrina Claudio,99363043,787437963
2034,Coachella,50773113,60450147
2035,TheWeekndVEVO,88886981,671291658
2036,ZaynVEVO,60766157,830393154
2037,FlorenceMachineVEVO,15389368,236561094
2038,Cammie Scott,60773646,348667925
2039,AlishaMarieVlogs,72831242,807566933
2040,Carrie Underwood,60743202,109866846
2041,Alex French Guy Cooking,78287952,86893505
2042,UFC ON FOX,68084727,505441105
2043,DrakeVEVO,38976548,218293088
2044,Gustawny,58115312,844613720
2045,The Game Theorists,16103222,249728597
2046,Global News,2899272,47575223
2047,Mean Girls on Broadway,58417939,515212942
2048,Primitive Survival Tool,84462267,270030712
2049,DIY Perks,57608906,639730517
2050,Mrwhosetheboss,78956816,666232078
2051,DALLMYD,56344316,942744377
2052,Nicki Minaj,65193661,144134845
2053,DaveHax,30170706,939879082
2054,Carter Sharer,79658224,369240565
2055,Britain's Got Talent,83429636,627945163
2056,FOX 17 WXMI,10991875,766180535
2057,ignoramusky,15056722,842987328
2058,JOE.ie,52223561,676252146
2059,AnimalWised,503551,309527794
2060,Philly D,10517162,896612128
2061,PressTube,67547107,33270395
2062,Tanner Fox,65825170,879662778
2063,Global Road Entertainment,78566669,912165518
2064,iamAURORAVEVO,13330280,388708287
2065,ThatcherJoe,61747148,738217674
2066,Beats 1 on Apple Music,5945429,9701814
2067,FoundFlix,11051575,831969748
2068,GingerPale,72233983,973897378
2069,Matt Bentkowski,11407788,386440656
2070,Prince,15696434,826078833
2071,SomeThingElseYT,43841691,588797267
2072,Billie Eilish,25407660,357912183
2073,Papa Jake,34557725,499203833
2074,DrinkBODYARMOR,72424199,791129596
2075,Steve1989MREInfo,96469466,551763070
2076,BeckyGVEVO,54300206,946696424
2077,ArianaGrandeVevo,60067836,751077100
2078,Bobby Bones,93024800,69869875
2079,Nikki Glamour,63100480,566012677
2080,Dobre Brothers,36268598,806005096
2081,DONG,19807812,828311646
2082,PolyMatter,61802300,627427483
2083,Sister Circle Live,93174869,543801685
2084,googledoodles,54507578,623460551
2085,Rapid Highlights,5246042,818677074
2086,Fortnite,94507260,566474992
2087,Clash Royale,60908564,692124151
2088,Blossom,93676198,466301013
2089,AbrahamMateoVEVO,55763061,507089619
2090,Skip and Shannon: UNDISPUTED,42057553,916506751
2091,WatchMojo.com,83973912,582977852
2092,MamaMiaMakeup,26970,389694962
2093,FoxStarHindi,99415837,724300792
2094,TWICE JAPAN OFFICIAL YouTube Channel,88055418,418883803
2095,Ariana Grande`,51497233,342240416
2096,Conan Gray,90667490,955722770
2097,Hometalk,43872073,624429293
2098,J. Cole,73458739,276631263
2099,zefrank1,34596072,949374591
2100,H3 Podcast Highlights,47754725,571676028
2101,USA Gymnastics,89578,911125780
2102,Jess Conte,88585418,762850200
2103,Beth Kobliner,99768336,200362408
2104,BillieEilishVEVO,25986889,118584233
2105,Mercury News,15595232,685174163
2106,Motion Station,73725797,148922997
2107,Mason Ramsey,5977612,845131855
2108,RoadsideFlix,66432496,915268719
2109,Jason Mraz,96796987,533040562
2110,OWN,11886939,534644300
2111,Kanye West - Topic,83495343,517149265
2112,AzzyLand,35255518,138521143
2113,Gordon Ramsay,23628988,83011942
2114,Tim Milgram,41819759,95227059
2115,Kanye West,30159876,450750362
2116,Sam O'Nella Academy,72071282,223720366
2117,The Wendy Williams Show,58226891,16520639
2118,RiceGum,76292238,823740217
2119,Helpful Vancouver Vet,49564972,834809176
2120,acaciacutie,98672400,411525642
2121,BBALLBREAKDOWN,80026786,753771941
2122,CelineDionVEVO,85310642,431690727
2123,AlisonWonderlandVEVO,66533665,414088682
2124,NickiMinajAtVEVO,97372672,931619637
2125,EnriqueIglesiasVEVO,99058657,652267049
2126,Moulin Rouge! the Musical,2628317,893677638
2127,Battle Universe,28563727,321024723
2128,Jess Glynne,83264863,614790840
2129,ChildishGambinoVEVO,89990748,11298439
2130,PewDiePie,81973009,451360659
2131,Christina Aguilera,38349920,591012820
2132,STARZ,73756673,532247295
2133,JuliaMichaelsVEVO,46139683,648844128
2134,Google Developers,10252957,655081893
2135,ABC News (Australia),53720700,340656383
2136,OmarGoshTV,9996468,928882026
2137,Olivia Jade,42076617,722705058
2138,EvanescenceVEVO,99487330,234344301
2139,SnowPatrolVEVO,76250013,733468394
2140,Tiffany Day,11580289,1748584
2141,Gallant,56254590,882525388
2142,johnmayerVEVO,91015017,227620794
2143,Selena Gomez,65388954,266135940
2144,Tesla,16991293,44816908
2145,杰威爾音樂 JVR Music,64824537,829959349
2146,New Amsterdam,86871334,794179337
2147,Manifest,49241814,407471522
2148,Vat19,25889091,474711766
2149,davematthewsbandVEVO,12221269,534809001
2150,TheOdd2sOut,84768148,15758800
2151,MBCentertainment,53723771,621463976
2152,ITV,20503185,633913493
2153,Microsoft Surface,89139782,634527279
2154,BackstreetBoysVEVO,82256085,836203603
2155,FifthHarmonyVEVO,9369931,391824873
2156,miniminter,64582416,783880358
2157,Daddy Yankee,29482185,843310438
2158,Dragonfoxgirl,12499479,637595168
2159,Dan And Shay,78631332,706465203
2160,"Tyler, The Creator",81732920,555591418
2161,BBC Sport,24581446,875868275
2162,John Mayer,28248969,677866026
2163,camelsandfriends,70460094,448226002
2164,Jake Paul,38819165,96005325
2165,NickyJamTV,35481027,500244138
2166,AzealiaBanksVEVO,79766564,671401759
2167,The Sims,74698919,869679873
2168,DidYouKnowGaming?,12022671,796412034
2169,MustardVEVO,54612108,35122494
2170,Eh Bee Family,93801992,979278022
2171,H O N N E,89531571,674254600
2172,weezer,6589666,703903052
2173,SumerianRecords,79665476,266159272
2174,The Official Pokémon YouTube channel,88407479,79846634
2175,America's Got Talent,42713717,939475429
2176,Erika Costell,91317340,110896107
2177,Gorillaz,23043297,47637062
2178,Clean Bandit,60682773,38335387
2179,SUMERIAN,68322115,234559500
2180,The 1975,37716439,333016645
2181,MaggieRogersVEVO,56513472,960923138
2182,Mark Wiens,86313855,465194464
2183,radiodisney,69240283,974152266
2184,A&E,13038770,303943060
2185,bulletvalentineVEVO,57035262,257654481
2186,David Dobrik,25240440,940152186
2187,MNEKVEVO,44088476,205661673
2188,TheInternetVEVO,14372772,70389107
2189,shgurr,27283094,638621996
2190,The1975VEVO,700051,487644816
2191,DreamWorksTV,3442821,767789208
2192,Anthem Game,58261633,111535414
2193,Battlefield,52957137,346289193
2194,EA SPORTS,143835,164593516
2195,British Vogue,431624,738237514
2196,gameslice,44842644,510395898
2197,Clash of Clans,50916172,686933582
2198,FamilyFeud,77471596,645115932
2199,Bethesda Softworks,46071351,161784919
2200,Cyberpunk 2077,51375371,456722811
2201,Kingdom Hearts,16132689,647937852
2202,Studio MDHR,29515799,605051326
2203,HALO,36815598,991060286
2204,Ben Kronengold,97789584,690638005
2205,All Def Digital,36039485,238015403
2206,How It Should Have Ended,63027732,384559607
2207,Ubisoft North America,4646565,672040751
